first_name,last_name,email,phone,created_at
Maia,Mathews,vulputate.risus.a@scelerisquemollisPhasellus.com,1-730-514-0531,2013-02-12T11:49:28-08:00
Hiram,Freeman,ipsum.Phasellus.vitae@ullamcorpereu.com,1-628-507-8637,2012-06-09T00:10:50-07:00
Kameko,Garrison,Morbi.neque.tellus@molestie.edu,1-625-688-7216,2013-10-28T20:53:47-07:00
Ivy,Robinson,Phasellus.nulla@malesuadavel.org,1-884-748-4013,2013-02-09T12:35:03-08:00
Zachery,Diaz,adipiscing.elit@nullavulputatedui.org,1-463-284-8324,2013-02-09T20:11:22-08:00
Charissa,Mitchell,pede@utsem.com,1-261-763-9654,2013-08-09T14:24:07-07:00
Montana,Hardy,vel@pellentesquetellussem.org,1-960-893-2196,2013-08-07T20:04:33-07:00
Alexander,Henson,Nullam.nisl.Maecenas@aliquamenim.org,1-319-384-6588,2013-12-14T03:02:00-08:00
Octavia,Odom,per.inceptos@nonfeugiatnec.com,1-526-745-3491,2012-08-23T10:11:19-07:00
Ruby,Maddox,fringilla.est@mollisduiin.com,1-419-716-6832,2012-12-21T19:01:41-08:00
Buckminster,Woodward,Curabitur.ut@metusAliquam.edu,1-325-675-7514,2013-10-08T04:42:47-07:00
Troy,Vinson,eu@netus.ca,1-796-489-6093,2013-07-26T02:13:03-07:00
Ivan,Hernandez,dui@Craseutellus.edu,1-316-167-5567,2012-12-14T03:08:33-08:00
Riley,Nguyen,mollis.dui@sapiencursus.com,1-843-542-8970,2012-12-12T12:01:14-08:00
Hermione,Hahn,Aenean.egestas@nonantebibendum.edu,1-419-385-0615,2012-08-08T14:23:43-07:00
Jerry,Mcintosh,accumsan@dolortempus.com,1-905-802-7462,2012-09-04T16:56:26-07:00
Tamekah,Fox,amet.consectetuer.adipiscing@vitae.ca,1-403-475-9211,2012-09-04T04:14:24-07:00
Benedict,Lloyd,Vivamus.euismod.urna@nibhPhasellus.ca,1-381-127-3111,2013-11-20T23:37:15-08:00
Chaim,Cherry,Etiam@Maecenasiaculis.com,1-808-829-9357,2012-11-09T12:04:05-08:00
Paloma,Avila,dis.parturient@molestie.ca,1-486-797-8181,2012-03-05T19:11:11-08:00
